"index","pkey","season","name","team","position","games_played","i_f_goals","i_f_points","i_f_penalityminutes","i_f_hits","i_f_takeaways","i_f_giveaways","onice_corsipercentage","onice_fenwickpercentage","games_missed"
23,"2012Brad Marchand",2012,"Brad Marchand","BOS","L",45,18,36,27,38,28,32,0.61,0.6,2
49,"2012Mike Weaver",2012,"Mike Weaver","FLA","D",27,1,9,8,49,4,10,0.41,0.4,1
103,"2012Nicklas Grossmann",2012,"Nicklas Grossmann","PHI","D",30,1,4,21,81,6,17,0.41,0.42,18
117,"2012Vladimir Tarasenko",2012,"Vladimir Tarasenko","STL","R",38,8,19,10,28,14,6,0.63,0.63,10
130,"2012Kent Huskins",2012,"Kent Huskins","PHI","D",19,0,1,4,18,0,5,0.39,0.41,6
201,"2012Eric Selleck",2012,"Eric Selleck","FLA","L",2,0,1,7,5,2,0,0.44,0.48,16
209,"2012James Wisniewski",2012,"James Wisniewski","CBJ","D",30,5,14,15,53,11,15,0.55,0.53,2
225,"2012Lars Eller",2012,"Lars Eller","MTL","C",46,8,30,35,86,23,19,0.48,0.5,4
311,"2012Jeff Skinner",2012,"Jeff Skinner","CAR","L",42,13,24,26,21,37,17,0.58,0.57,5
364,"2012Jason Pominville",2012,"Jason Pominville","MIN","R",47,14,34,8,21,38,13,0.51,0.5,3
379,"2012Chad LaRose",2012,"Chad LaRose","CAR","R",35,2,4,19,59,8,6,0.54,0.54,10
415,"2012Alexander Semin",2012,"Alexander Semin","CAR","R",44,13,44,36,14,46,35,0.56,0.55,2
439,"2012Rene Bourque",2012,"Rene Bourque","MTL","R",27,7,13,22,37,8,6,0.55,0.55,21
464,"2012Jake Gardiner",2012,"Jake Gardiner","TOR","D",12,0,4,0,13,6,12,0.52,0.51,2
487,"2012Rob Klinkhammer",2012,"Rob Klinkhammer","ARI","L",22,5,11,10,65,5,1,0.53,0.55,1
562,"2012Mike Lundin",2012,"Mike Lundin","OTT","D",11,0,1,0,2,2,5,0.49,0.45,8
578,"2012Ben Eager",2012,"Ben Eager","EDM","L",14,1,2,15,40,3,2,0.35,0.37,9
616,"2012Darroll Powe",2012,"Darroll Powe","NYR","C",42,0,0,27,82,5,3,0.36,0.36,3
619,"2012Joffrey Lupul",2012,"Joffrey Lupul","TOR","L",16,11,18,12,31,9,5,0.5,0.51,5
656,"2012James Neal",2012,"James Neal","PIT","L",40,21,36,26,56,11,7,0.64,0.63,8
674,"2012Shawn Thornton",2012,"Shawn Thornton","BOS","L",45,3,7,50,77,11,3,0.49,0.48,2
685,"2012Patrice Bergeron",2012,"Patrice Bergeron","BOS","C",42,10,32,18,28,23,28,0.6,0.61,6
713,"2012Wayne Simmonds",2012,"Wayne Simmonds","PHI","R",45,15,32,72,72,10,19,0.58,0.59,3
734,"2012Raphael Diaz",2012,"Raphael Diaz","MTL","D",23,1,14,6,11,6,17,0.51,0.54,25
785,"2012Patrick Eaves",2012,"Patrick Eaves","DET","R",34,2,8,4,40,7,4,0.51,0.51,1
810,"2012Brendan Gallagher",2012,"Brendan Gallagher","MTL","R",44,15,28,33,44,17,8,0.62,0.64,3
823,"2012Evgeni Malkin",2012,"Evgeni Malkin","PIT","C",31,9,33,26,12,23,21,0.65,0.66,4
828,"2012Daniel Briere",2012,"Daniel Briere","PHI","C",34,6,16,10,15,7,13,0.54,0.52,10
869,"2013John Moore",2013,"John Moore","NYR","D",74,4,15,25,59,4,27,0.55,0.55,6
873,"2013Colin Fraser",2013,"Colin Fraser","L.A","C",33,0,2,30,58,2,7,0.49,0.49,3
881,"2013Roman Josi",2013,"Roman Josi","NSH","D",72,13,40,18,32,22,34,0.49,0.51,10
901,"2013Niklas Kronwall",2013,"Niklas Kronwall","DET","D",79,8,49,44,93,25,50,0.53,0.53,2
927,"2013Matt Read",2013,"Matt Read","PHI","R",75,22,40,16,72,45,22,0.47,0.47,6
946,"2013Jonathan Huberdeau",2013,"Jonathan Huberdeau","FLA","L",69,9,28,37,73,32,21,0.56,0.54,11
963,"2013Michael Raffl",2013,"Michael Raffl","PHI","L",68,9,22,28,113,25,21,0.48,0.48,1
990,"2013John Mitchell",2013,"John Mitchell","COL","C",75,11,32,36,112,38,27,0.44,0.43,7
990,"2013John Mitchell",2013,"John Mitchell","COL","C",75,11,32,36,112,38,27,0.44,0.43,2
1023,"2013Travis Moen",2013,"Travis Moen","MTL","L",65,2,12,39,92,15,11,0.37,0.4,4
1023,"2013Travis Moen",2013,"Travis Moen","MTL","L",65,2,12,39,92,15,11,0.37,0.4,9
1077,"2013Tomas Kopecky",2013,"Tomas Kopecky","FLA","R",49,4,12,18,31,17,10,0.49,0.49,24
1080,"2013Michael Grabner",2013,"Michael Grabner","NYI","R",64,12,26,12,68,54,26,0.48,0.47,9
1081,"2013Rostislav Klesla",2013,"Rostislav Klesla","ARI","D",25,1,4,24,41,1,4,0.47,0.45,3
1120,"2013Sergei Gonchar",2013,"Sergei Gonchar","DAL","D",76,2,22,20,71,10,33,0.54,0.53,6
1126,"2013Taylor Pyatt",2013,"Taylor Pyatt","PIT","L",56,4,5,20,70,12,4,0.42,0.42,8
1129,"2013Alexander Semin",2013,"Alexander Semin","CAR","R",65,22,42,42,22,49,56,0.6,0.59,12
1132,"2013Brooks Orpik",2013,"Brooks Orpik","PIT","D",72,2,13,26,221,11,32,0.4,0.41,8
1151,"2013Michael Bournival",2013,"Michael Bournival","MTL","L",60,7,14,18,67,15,10,0.43,0.45,14
1152,"2013Dougie Hamilton",2013,"Dougie Hamilton","BOS","D",64,7,25,40,73,18,31,0.58,0.57,4
1213,"2013Loui Eriksson",2013,"Loui Eriksson","BOS","L",61,10,37,6,12,31,17,0.59,0.58,15
1213,"2013Loui Eriksson",2013,"Loui Eriksson","BOS","L",61,10,37,6,12,31,17,0.59,0.58,5
1232,"2013Saku Koivu",2013,"Saku Koivu","ANA","C",65,11,29,46,29,25,34,0.43,0.43,15
1234,"2013Travis Hamonic",2013,"Travis Hamonic","NYI","D",69,3,18,48,93,40,51,0.47,0.47,12
1257,"2013Marc Staal",2013,"Marc Staal","NYR","D",72,3,14,24,83,41,48,0.51,0.5,10
1284,"2013Johan Franzen",2013,"Johan Franzen","DET","R",54,16,41,30,66,18,28,0.59,0.58,6
1308,"2013Dustin Penner",2013,"Dustin Penner","WSH","R",67,14,35,20,92,22,27,0.55,0.57,5
1354,"2013Brett Bellemore",2013,"Brett Bellemore","CAR","D",64,2,8,45,169,21,39,0.45,0.46,6
1359,"2013Keith Ballard",2013,"Keith Ballard","MIN","D",45,2,9,37,58,7,18,0.46,0.46,7
1362,"2013Nick Bjugstad",2013,"Nick Bjugstad","FLA","C",76,16,38,16,117,37,28,0.54,0.54,5
1363,"2013Jay Harrison",2013,"Jay Harrison","CAR","D",68,4,15,44,141,8,23,0.49,0.47,6
1429,"2013Daniel Briere",2013,"Daniel Briere","MTL","C",69,13,25,30,23,22,17,0.52,0.52,10
1448,"2013James Neal",2013,"James Neal","PIT","L",59,27,61,55,58,31,22,0.65,0.64,2
1469,"2013George Parros",2013,"George Parros","MTL","R",22,0,1,55,14,0,2,0.28,0.27,12
1469,"2013George Parros",2013,"George Parros","MTL","R",22,0,1,55,14,0,2,0.28,0.27,10
1499,"2013Tyler Seguin",2013,"Tyler Seguin","DAL","C",80,37,84,8,48,67,60,0.6,0.61,2
1554,"2013Matt Greene",2013,"Matt Greene","L.A","D",38,2,6,37,118,1,36,0.51,0.51,6
1560,"2013Steve Downie",2013,"Steve Downie","PHI","R",62,4,24,84,70,24,21,0.54,0.53,4
1563,"2013Seth Jones",2013,"Seth Jones","NSH","D",77,6,25,24,55,25,57,0.49,0.5,5
1656,"2013Daniel Paille",2013,"Daniel Paille","BOS","L",72,9,18,6,70,32,13,0.43,0.44,7
1656,"2013Daniel Paille",2013,"Daniel Paille","BOS","L",72,9,18,6,70,32,13,0.43,0.44,2
1663,"2013Tim Gleason",2013,"Tim Gleason","TOR","D",56,1,6,55,156,9,26,0.39,0.38,10
1700,"2013Andrew Alberts",2013,"Andrew Alberts","VAN","D",10,0,0,0,6,0,4,0.47,0.42,41
1712,"2013Lubomir Visnovsky",2013,"Lubomir Visnovsky","NYI","D",24,3,11,10,14,15,18,0.61,0.59,46
1712,"2013Lubomir Visnovsky",2013,"Lubomir Visnovsky","NYI","D",24,3,11,10,14,15,18,0.61,0.59,12
1745,"2014Jack Hillen",2014,"Jack Hillen","CAR","D",38,0,5,10,38,6,9,0.48,0.47,19
1764,"2014Kris Letang",2014,"Kris Letang","PIT","D",69,11,54,59,131,39,60,0.55,0.55,5
1764,"2014Kris Letang",2014,"Kris Letang","PIT","D",69,11,54,59,131,39,60,0.55,0.55,7
1824,"2014Christian Ehrhoff",2014,"Christian Ehrhoff","PIT","D",49,3,14,26,73,12,21,0.51,0.5,6
1853,"2014Alec Martinez",2014,"Alec Martinez","L.A","D",56,6,22,10,95,11,38,0.53,0.53,18
1879,"2014Micheal Ferland",2014,"Micheal Ferland","CGY","L",26,2,5,16,67,19,11,0.47,0.5,8
1890,"2014David Backes",2014,"David Backes","STL","R",80,26,58,72,227,38,29,0.52,0.54,1
1915,"2014Leo Komarov",2014,"Leo Komarov","TOR","C",62,8,26,18,250,51,18,0.41,0.41,14
1925,"2014Mike Weaver",2014,"Mike Weaver","MTL","D",31,0,4,6,35,5,17,0.37,0.37,4
1925,"2014Mike Weaver",2014,"Mike Weaver","MTL","D",31,0,4,6,35,5,17,0.37,0.37,2
1927,"2014Zach Parise",2014,"Zach Parise","MIN","L",74,33,62,26,86,47,24,0.59,0.6,5
2044,"2014Mikhail Grabovski",2014,"Mikhail Grabovski","NYI","C",51,9,19,8,11,26,31,0.58,0.59,23
2169,"2014Matt Calvert",2014,"Matt Calvert","CBJ","L",56,13,23,28,92,26,19,0.46,0.45,15
2181,"2014Brandon Dubinsky",2014,"Brandon Dubinsky","CBJ","C",47,13,36,43,152,19,19,0.5,0.49,3
2187,"2014Andrew Ference",2014,"Andrew Ference","EDM","D",70,3,14,39,156,12,38,0.42,0.41,9
2197,"2014Artem Anisimov",2014,"Artem Anisimov","CBJ","C",52,7,27,8,33,24,21,0.5,0.49,7
2199,"2014Cody McCormick",2014,"Cody McCormick","BUF","C",33,1,4,26,77,3,10,0.29,0.29,4
2215,"2014Carl Gunnarsson",2014,"Carl Gunnarsson","STL","D",61,2,12,2,42,11,13,0.48,0.5,10
2273,"2014Patrick Eaves",2014,"Patrick Eaves","DAL","R",47,14,27,8,69,18,10,0.59,0.6,7
2274,"2014Keith Ballard",2014,"Keith Ballard","MIN","D",14,0,1,26,15,2,5,0.43,0.43,10
2274,"2014Keith Ballard",2014,"Keith Ballard","MIN","D",14,0,1,26,15,2,5,0.43,0.43,56
2363,"2014Clarke MacArthur",2014,"Clarke MacArthur","OTT","L",62,16,36,36,70,31,36,0.57,0.54,18
2367,"2014Jeff Skinner",2014,"Jeff Skinner","CAR","L",77,18,31,18,47,62,42,0.58,0.57,4
2408,"2014Matt Fraser",2014,"Matt Fraser","EDM","R",60,8,12,17,111,13,16,0.48,0.47,3
2445,"2014Brandon Pirri",2014,"Brandon Pirri","FLA","R",49,22,24,14,39,18,12,0.56,0.56,10
2488,"2014T.J. Oshie",2014,"T.J. Oshie","STL","R",72,19,55,49,99,48,31,0.55,0.57,7
2516,"2014Johan Franzen",2014,"Johan Franzen","DET","R",33,7,22,30,45,4,17,0.61,0.59,42
2559,"2014Korbinian Holzer",2014,"Korbinian Holzer","TOR","D",34,0,6,15,117,11,26,0.38,0.4,16
2559,"2014Korbinian Holzer",2014,"Korbinian Holzer","TOR","D",34,0,6,15,117,11,26,0.38,0.4,18
2560,"2014Ryane Clowe",2014,"Ryane Clowe","N.J","L",13,1,4,4,21,3,3,0.53,0.5,69
2609,"2015Kyle Quincey",2015,"Kyle Quincey","DET","D",47,4,11,36,49,8,26,0.44,0.44,4
2708,"2015Marc Methot",2015,"Marc Methot","OTT","D",69,5,12,34,124,10,49,0.43,0.41,3
2720,"2015Ryan Nugent-Hopkins",2015,"Ryan Nugent-Hopkins","EDM","C",55,12,34,18,39,43,30,0.52,0.51,3
2744,"2015Shane Doan",2015,"Shane Doan","ARI","R",72,28,47,58,116,33,27,0.54,0.53,1
2758,"2015Sam Gagner",2015,"Sam Gagner","PHI","C",53,8,16,15,17,20,13,0.55,0.54,11
2781,"2015Johan Franzen",2015,"Johan Franzen","DET","R",2,0,1,2,3,0,0,0.47,0.46,5
2781,"2015Johan Franzen",2015,"Johan Franzen","DET","R",2,0,1,2,3,0,0,0.47,0.46,80
2826,"2015Alexander Wennberg",2015,"Alexander Wennberg","CBJ","C",69,8,40,2,32,42,21,0.53,0.54,5
2832,"2015Mathieu Perreault",2015,"Mathieu Perreault","WPG","C",71,9,41,36,83,31,26,0.64,0.63,10
2836,"2015Phillip Di Giuseppe",2015,"Phillip Di Giuseppe","CAR","L",41,7,17,18,113,17,5,0.49,0.49,6
2839,"2015Peter Holland",2015,"Peter Holland","TOR","C",65,9,27,28,78,34,21,0.59,0.59,12
2857,"2015Brad Marchand",2015,"Brad Marchand","BOS","L",77,37,61,70,65,43,69,0.54,0.55,2
2864,"2015Mark Scheifele",2015,"Mark Scheifele","WPG","C",71,29,61,36,53,61,35,0.58,0.58,4
2898,"2015Jason Zucker",2015,"Jason Zucker","MIN","L",71,13,23,20,83,40,27,0.51,0.51,6
2947,"2015Mark Barberio",2015,"Mark Barberio","MTL","D",30,2,10,6,12,11,19,0.54,0.54,11
2963,"2015Iiro Pakarinen",2015,"Iiro Pakarinen","EDM","R",63,5,13,8,152,10,9,0.43,0.42,3
2979,"2015Ben Smith",2015,"Ben Smith","TOR","R",22,2,6,0,18,8,3,0.42,0.42,21
3047,"2015Quinton Howden",2015,"Quinton Howden","FLA","C",58,6,11,18,116,9,7,0.46,0.47,4
3096,"2015Ryan Murphy",2015,"Ryan Murphy","CAR","D",35,0,10,10,25,11,18,0.55,0.55,5
3175,"2015Robby Fabbri",2015,"Robby Fabbri","STL","C",72,18,37,25,51,27,20,0.55,0.54,6
3260,"2015Curtis Lazar",2015,"Curtis Lazar","OTT","C",76,6,20,18,118,24,15,0.41,0.41,3
3275,"2015Clarke MacArthur",2015,"Clarke MacArthur","OTT","L",4,0,0,0,3,0,0,0.58,0.57,78
3277,"2015Nikita Zadorov",2015,"Nikita Zadorov","COL","D",22,0,2,12,53,6,10,0.45,0.45,1
3366,"2015Jack Skille",2015,"Jack Skille","COL","R",74,8,14,11,97,17,8,0.42,0.43,5
3379,"2015Ryan McDonagh",2015,"Ryan McDonagh","NYR","D",73,9,34,22,98,31,67,0.47,0.49,4
3409,"2015Chris Bigras",2015,"Chris Bigras","COL","D",31,1,3,16,17,4,8,0.42,0.41,4
3426,"2015David Warsofsky",2015,"David Warsofsky","N.J","D",22,1,2,2,5,4,17,0.58,0.58,16
3513,"2016Jordan Staal",2016,"Jordan Staal","CAR","C",75,16,45,38,139,55,42,0.59,0.58,7
3520,"2016John Moore",2016,"John Moore","N.J","D",63,12,22,29,68,7,41,0.45,0.43,17
3539,"2016Matt Puempel",2016,"Matt Puempel","NYR","L",40,6,9,11,28,8,6,0.51,0.51,7
3539,"2016Matt Puempel",2016,"Matt Puempel","NYR","L",40,6,9,11,28,8,6,0.51,0.51,5
3613,"2016Jacob Josefson",2016,"Jacob Josefson","N.J","C",38,1,10,16,31,7,9,0.49,0.5,5
3635,"2016Carl Hagelin",2016,"Carl Hagelin","PIT","L",61,6,22,16,66,19,21,0.48,0.5,5
3644,"2016Sidney Crosby",2016,"Sidney Crosby","PIT","C",75,44,89,24,80,39,70,0.59,0.59,1
3644,"2016Sidney Crosby",2016,"Sidney Crosby","PIT","C",75,44,89,24,80,39,70,0.59,0.59,6
3648,"2016Reilly Smith",2016,"Reilly Smith","FLA","R",79,15,37,17,75,49,39,0.54,0.53,2
3700,"2016Simon Despres",2016,"Simon Despres","ANA","D",1,0,0,0,1,0,0,0.44,0.56,17
3700,"2016Simon Despres",2016,"Simon Despres","ANA","D",1,0,0,0,1,0,0,0.44,0.56,81
3788,"2016John-Michael Liles",2016,"John-Michael Liles","BOS","D",36,0,5,4,25,11,8,0.54,0.56,19
3815,"2016Patrick Sharp",2016,"Patrick Sharp","DAL","L",48,8,18,31,24,16,21,0.56,0.57,14
3815,"2016Patrick Sharp",2016,"Patrick Sharp","DAL","L",48,8,18,31,24,16,21,0.56,0.57,12
3816,"2016Conor Sheary",2016,"Conor Sheary","PIT","L",61,23,53,22,29,26,25,0.56,0.56,1
3838,"2016Clarke MacArthur",2016,"Clarke MacArthur","OTT","L",4,0,0,0,4,1,1,0.61,0.61,78
3847,"2016Jake Guentzel",2016,"Jake Guentzel","PIT","C",40,16,33,10,61,16,9,0.54,0.55,4
3856,"2016Aaron Ekblad",2016,"Aaron Ekblad","FLA","D",67,9,20,58,87,25,58,0.57,0.56,4
3863,"2016Kevan Miller",2016,"Kevan Miller","BOS","D",57,3,13,45,118,7,20,0.5,0.51,4
3883,"2016Jakob Chychrun",2016,"Jakob Chychrun","ARI","D",67,7,20,37,109,11,44,0.44,0.43,1
3898,"2016Brandon Manning",2016,"Brandon Manning","PHI","D",65,3,12,83,121,9,38,0.49,0.48,3
3940,"2016Andrew Shaw",2016,"Andrew Shaw","MTL","R",68,12,29,80,147,28,29,0.58,0.57,1
3940,"2016Andrew Shaw",2016,"Andrew Shaw","MTL","R",68,12,29,80,147,28,29,0.58,0.57,14
4019,"2016Seth Griffith",2016,"Seth Griffith","FLA","C",24,0,5,8,30,5,6,0.58,0.57,4
4052,"2016Denis Malgin",2016,"Denis Malgin","FLA","C",46,6,10,8,34,17,11,0.54,0.55,9
4104,"2016Marc Staal",2016,"Marc Staal","NYR","D",71,3,9,34,88,22,46,0.44,0.44,9
4152,"2016Justin Schultz",2016,"Justin Schultz","PIT","D",78,12,51,34,67,22,37,0.56,0.58,3
4160,"2016Chad Ruhwedel",2016,"Chad Ruhwedel","PIT","D",34,2,10,8,36,9,12,0.48,0.49,3
4205,"2016Pavel Zacha",2016,"Pavel Zacha","N.J","C",70,8,24,19,54,16,26,0.51,0.51,4
4219,"2016David Backes",2016,"David Backes","BOS","R",74,17,38,59,226,28,35,0.6,0.6,3
4261,"2016Ryan Spooner",2016,"Ryan Spooner","BOS","C",78,11,39,14,24,36,50,0.61,0.62,3
4268,"2016Patric Hornqvist",2016,"Patric Hornqvist","PIT","R",70,21,44,28,227,30,11,0.6,0.62,6
4268,"2016Patric Hornqvist",2016,"Patric Hornqvist","PIT","R",70,21,44,28,227,30,11,0.6,0.62,5
4279,"2016Curtis Lazar",2016,"Curtis Lazar","CGY","C",37,1,4,4,66,7,6,0.4,0.41,3
4328,"2016Patrik Laine",2016,"Patrik Laine","WPG","R",73,36,64,26,80,43,55,0.55,0.55,8
4423,"2017Phillip Danault",2017,"Phillip Danault","MTL","C",52,8,25,34,59,38,20,0.5,0.5,15
4440,"2017Pavel Buchnevich",2017,"Pavel Buchnevich","NYR","R",74,14,43,20,51,39,43,0.56,0.55,7
4498,"2017Sammy Blais",2017,"Sammy Blais","STL","L",11,1,3,6,15,1,5,0.5,0.53,1
4504,"2017Jacob Trouba",2017,"Jacob Trouba","WPG","D",55,3,24,34,84,28,54,0.48,0.49,5
4511,"2017Bryan Rust",2017,"Bryan Rust","PIT","R",69,13,38,26,97,31,32,0.53,0.54,2
4602,"2017Sam Gagner",2017,"Sam Gagner","VAN","C",74,10,31,35,54,17,22,0.52,0.51,1
4616,"2017Trevor van Riemsdyk",2017,"Trevor van Riemsdyk","CAR","D",79,3,16,20,25,45,19,0.52,0.52,3
4620,"2017Noah Hanifin",2017,"Noah Hanifin","CAR","D",79,10,32,21,81,50,58,0.6,0.59,3
4621,"2017Brian Dumoulin",2017,"Brian Dumoulin","PIT","D",80,5,18,30,101,35,43,0.48,0.49,2
4636,"2017Brett Pesce",2017,"Brett Pesce","CAR","D",65,3,19,18,57,38,24,0.49,0.48,3
4683,"2017Colin Wilson",2017,"Colin Wilson","COL","C",55,6,18,6,38,11,13,0.53,0.54,8
4695,"2017Trevor Lewis",2017,"Trevor Lewis","L.A","C",68,14,26,25,125,19,14,0.46,0.47,12
4803,"2017Brett Connolly",2017,"Brett Connolly","WSH","R",70,15,27,20,72,17,19,0.51,0.48,7
4942,"2017Sebastian Aho",2017,"Sebastian Aho","CAR","R",78,29,65,24,65,59,53,0.61,0.6,4
4971,"2017Nikita Scherbak",2017,"Nikita Scherbak","MTL","R",26,4,6,8,18,13,9,0.52,0.52,2
4975,"2017Sebastian Aho",2017,"Sebastian Aho","NYI","D",22,1,4,6,10,3,12,0.49,0.47,4
4986,"2017Kyle Okposo",2017,"Kyle Okposo","BUF","R",76,15,44,40,70,24,28,0.57,0.56,3
5003,"2017Dmitry Kulikov",2017,"Dmitry Kulikov","WPG","D",62,3,11,22,69,11,53,0.42,0.43,3
5035,"2017Ales Hemsky",2017,"Ales Hemsky","MTL","R",7,0,0,10,0,1,3,0.62,0.62,74
5047,"2017Ondrej Kase",2017,"Ondrej Kase","ANA","R",66,20,38,14,28,29,31,0.56,0.55,10
5049,"2017Leon Draisaitl",2017,"Leon Draisaitl","EDM","C",78,25,70,30,40,78,84,0.57,0.58,4
5081,"2017Logan Couture",2017,"Logan Couture","S.J","C",78,34,61,18,33,55,52,0.56,0.57,4
5092,"2017Stephen Johns",2017,"Stephen Johns","DAL","D",74,8,15,41,198,25,44,0.46,0.47,3
5127,"2017Matt Hunwick",2017,"Matt Hunwick","PIT","D",42,4,10,21,51,14,20,0.45,0.44,15
5142,"2017Victor Antipin",2017,"Victor Antipin","BUF","D",47,0,10,18,14,4,13,0.51,0.5,4
5163,"2017Gustav Olofsson",2017,"Gustav Olofsson","MIN","D",41,0,8,14,23,5,12,0.46,0.47,5
5163,"2017Gustav Olofsson",2017,"Gustav Olofsson","MIN","D",41,0,8,14,23,5,12,0.46,0.47,5
5186,"2017Justin Schultz",2017,"Justin Schultz","PIT","D",63,4,27,14,36,17,27,0.54,0.56,6
5198,"2017Mika Zibanejad",2017,"Mika Zibanejad","NYR","C",72,27,47,14,92,49,63,0.56,0.57,9
5206,"2017Mark Borowiecki",2017,"Mark Borowiecki","OTT","D",52,3,11,64,226,11,17,0.44,0.47,21
5242,"2017Marcus Johansson",2017,"Marcus Johansson","N.J","L",29,5,14,14,8,15,21,0.54,0.54,2
5242,"2017Marcus Johansson",2017,"Marcus Johansson","N.J","L",29,5,14,14,8,15,21,0.54,0.54,35
5242,"2017Marcus Johansson",2017,"Marcus Johansson","N.J","L",29,5,14,14,8,15,21,0.54,0.54,13
5243,"2017Jimmy Vesey",2017,"Jimmy Vesey","NYR","L",79,17,28,10,83,46,46,0.49,0.48,3
5289,"2018Frans Nielsen",2018,"Frans Nielsen","DET","C",72,10,34,14,79,18,35,0.47,0.47,5
5325,"2018Andrei Svechnikov",2018,"Andrei Svechnikov","CAR","R",82,20,37,62,123,34,63,0.6,0.6,6
5362,"2018Brendan Perlini",2018,"Brendan Perlini","CHI","L",68,14,21,28,51,11,14,0.5,0.49,3
5417,"2018Torey Krug",2018,"Torey Krug","BOS","D",64,6,53,23,53,20,52,0.6,0.6,6
5420,"2018Jamie Oleksiak",2018,"Jamie Oleksiak","DAL","D",57,4,12,45,135,10,38,0.49,0.5,3
5431,"2018Matt Grzelcyk",2018,"Matt Grzelcyk","BOS","D",66,3,18,48,46,28,39,0.53,0.53,4
5437,"2018Dillon Dube",2018,"Dillon Dube","CGY","C",25,1,5,4,11,6,6,0.47,0.47,4
5448,"2018Brian Dumoulin",2018,"Brian Dumoulin","PIT","D",76,3,23,20,141,39,51,0.48,0.48,3
5463,"2018Antoine Roussel",2018,"Antoine Roussel","VAN","L",65,9,30,68,87,20,20,0.47,0.49,4
5470,"2018Vladislav Namestnikov",2018,"Vladislav Namestnikov","NYR","C",78,11,31,34,140,32,46,0.47,0.46,3
5471,"2018Erik Johnson",2018,"Erik Johnson","COL","D",80,7,26,28,124,31,41,0.43,0.43,2
5476,"2018Alex Formenton",2018,"Alex Formenton","OTT","L",9,1,1,6,11,4,5,0.37,0.38,3
5515,"2018Justin Falk",2018,"Justin Falk","OTT","D",10,0,0,11,36,1,5,0.36,0.34,12
5524,"2018Mikael Backlund",2018,"Mikael Backlund","CGY","C",77,21,47,52,52,78,55,0.55,0.54,4
5539,"2018Nazem Kadri",2018,"Nazem Kadri","TOR","C",73,16,43,33,85,42,47,0.6,0.58,8
5556,"2018Urho Vaakanainen",2018,"Urho Vaakanainen","BOS","D",2,0,0,0,0,0,1,0.59,0.55,26
5562,"2018Zach Sanford",2018,"Zach Sanford","STL","L",60,8,20,21,48,31,14,0.5,0.51,3
5580,"2018Troy Stecher",2018,"Troy Stecher","VAN","D",78,2,23,32,91,42,32,0.49,0.48,3
5585,"2018T.J. Oshie",2018,"T.J. Oshie","WSH","R",69,25,54,36,133,46,38,0.57,0.57,11
5617,"2018Haydn Fleury",2018,"Haydn Fleury","CAR","D",20,0,1,2,25,3,6,0.51,0.52,9
5617,"2018Haydn Fleury",2018,"Haydn Fleury","CAR","D",20,0,1,2,25,3,6,0.51,0.52,3
5619,"2018J.T. Compher",2018,"J.T. Compher","COL","L",66,16,33,31,33,23,23,0.5,0.5,16
5632,"2018Andrew Copp",2018,"Andrew Copp","WPG","C",69,11,25,6,71,22,27,0.47,0.46,3
5634,"2018Sami Vatanen",2018,"Sami Vatanen","N.J","D",50,4,17,22,68,16,36,0.49,0.49,14
5662,"2018Bobby Ryan",2018,"Bobby Ryan","OTT","R",78,15,42,35,77,50,48,0.5,0.51,3
5682,"2018David Perron",2018,"David Perron","STL","L",57,23,46,46,52,41,17,0.56,0.56,24
5713,"2018Micheal Ferland",2018,"Micheal Ferland","CAR","L",71,17,40,58,182,36,48,0.59,0.59,4
5769,"2018Johnny Boychuk",2018,"Johnny Boychuk","NYI","D",74,3,20,25,144,10,56,0.44,0.44,2
5799,"2018Marcus Kruger",2018,"Marcus Kruger","CHI","C",74,3,11,30,51,17,11,0.4,0.41,4
5801,"2018Patric Hornqvist",2018,"Patric Hornqvist","PIT","R",69,17,36,16,150,25,18,0.57,0.57,4
5801,"2018Patric Hornqvist",2018,"Patric Hornqvist","PIT","R",69,17,36,16,150,25,18,0.57,0.57,3
5852,"2018Kasperi Kapanen",2018,"Kasperi Kapanen","TOR","R",78,20,44,27,92,44,38,0.51,0.5,4
5855,"2018Alexander Edler",2018,"Alexander Edler","VAN","D",56,10,31,54,127,13,38,0.49,0.51,11
5856,"2018Nikita Soshnikov",2018,"Nikita Soshnikov","STL","R",5,0,0,0,5,0,1,0.39,0.38,10
5868,"2018Kyle Okposo",2018,"Kyle Okposo","BUF","R",78,14,29,41,87,17,27,0.54,0.53,4
5920,"2018Andreas Johnsson",2018,"Andreas Johnsson","TOR","L",73,20,41,32,60,25,20,0.58,0.57,1
5948,"2018Artem Anisimov",2018,"Artem Anisimov","CHI","C",78,15,36,14,25,50,13,0.49,0.48,4
5955,"2018Charlie McAvoy",2018,"Charlie McAvoy","BOS","D",54,7,28,45,90,30,54,0.54,0.55,20
5977,"2018Jordan Staal",2018,"Jordan Staal","CAR","C",50,11,29,24,121,39,24,0.59,0.58,27
5977,"2018Jordan Staal",2018,"Jordan Staal","CAR","C",50,11,29,24,121,39,24,0.59,0.58,5
6001,"2018Jake DeBrusk",2018,"Jake DeBrusk","BOS","L",68,27,41,18,45,42,27,0.6,0.6,9
6014,"2018Tyler Bozak",2018,"Tyler Bozak","STL","C",72,13,38,20,51,30,19,0.54,0.54,9
6041,"2018Pavel Buchnevich",2018,"Pavel Buchnevich","NYR","R",64,21,38,13,60,29,43,0.52,0.51,1
6062,"2018Sean Kuraly",2018,"Sean Kuraly","BOS","C",71,8,21,38,129,34,32,0.46,0.47,2
6064,"2018Tom Wilson",2018,"Tom Wilson","WSH","R",63,22,40,88,200,43,44,0.47,0.48,3
6114,"2018Dustin Byfuglien",2018,"Dustin Byfuglien","WPG","D",42,4,30,59,77,21,39,0.56,0.55,4
6118,"2018Ondrej Kase",2018,"Ondrej Kase","ANA","R",30,11,20,2,17,15,18,0.6,0.59,18
6138,"2018Drake Caggiula",2018,"Drake Caggiula","CHI","C",55,12,23,28,135,18,22,0.49,0.48,13
6145,"2018Elias Pettersson",2018,"Elias Pettersson","VAN","C",71,28,66,12,42,41,52,0.58,0.58,6
6174,"2018Scott Harrington",2018,"Scott Harrington","CBJ","D",73,2,17,23,73,9,18,0.46,0.47,2
6183,"2018MacKenzie Weegar",2018,"MacKenzie Weegar","FLA","D",64,4,15,44,127,34,59,0.5,0.51,4
6202,"2019Brendan Gallagher",2019,"Brendan Gallagher","MTL","R",59,23,44,29,53,39,18,0.63,0.63,4
6230,"2019Miro Heiskanen",2019,"Miro Heiskanen","DAL","D",68,8,36,12,40,42,79,0.52,0.51,1
6252,"2019Drake Caggiula",2019,"Drake Caggiula","CHI","C",40,9,15,32,81,19,5,0.48,0.47,27
6266,"2019Travis Konecny",2019,"Travis Konecny","PHI","R",66,24,60,28,63,29,47,0.6,0.59,3
6272,"2019Nicklas Backstrom",2019,"Nicklas Backstrom","WSH","C",61,12,55,14,29,34,42,0.6,0.6,3
6346,"2019Lucas Carlsson",2019,"Lucas Carlsson","CHI","D",6,0,1,0,11,1,0,0.47,0.48,2
6366,"2019Mathieu Perreault",2019,"Mathieu Perreault","WPG","L",49,7,16,10,69,17,11,0.53,0.52,6
6418,"2019Riley Sheahan",2019,"Riley Sheahan","EDM","C",66,8,16,6,25,36,25,0.36,0.38,2
6423,"2019Joel Persson",2019,"Joel Persson","EDM","D",13,0,2,2,6,2,8,0.48,0.48,7
6432,"2019Rasmus Dahlin",2019,"Rasmus Dahlin","BUF","D",59,4,39,38,72,16,43,0.58,0.57,8
6456,"2019Oscar Fantenberg",2019,"Oscar Fantenberg","VAN","D",36,1,5,6,66,7,11,0.41,0.43,5
6491,"2019Kyle Okposo",2019,"Kyle Okposo","BUF","R",52,9,19,18,55,15,13,0.52,0.52,10
6518,"2019Bryan Little",2019,"Bryan Little","WPG","C",7,2,5,2,3,2,2,0.57,0.54,9
6603,"2019Scott Sabourin",2019,"Scott Sabourin","OTT","R",35,2,6,23,74,5,6,0.45,0.46,25
6664,"2019Kirby Dach",2019,"Kirby Dach","CHI","C",64,8,24,24,33,38,16,0.52,0.51,2
6720,"2019Dylan Strome",2019,"Dylan Strome","CHI","C",58,12,38,16,23,30,26,0.54,0.53,4
6721,"2019Trevor Moore",2019,"Trevor Moore","L.A","C",42,6,10,6,60,21,19,0.46,0.45,15
6725,"2019Dominik Kahun",2019,"Dominik Kahun","BUF","C",56,12,31,8,5,18,9,0.53,0.52,8
6744,"2019Micheal Ferland",2019,"Micheal Ferland","VAN","L",14,1,5,7,40,2,1,0.46,0.47,17
6840,"2019Tyler Pitlick",2019,"Tyler Pitlick","PHI","C",63,9,20,12,132,28,15,0.44,0.45,2
6843,"2019Jordan Greenway",2019,"Jordan Greenway","MIN","L",67,8,28,54,95,41,30,0.5,0.5,2
6845,"2019Xavier Ouellet",2019,"Xavier Ouellet","MTL","D",12,0,3,4,24,1,4,0.49,0.48,3
6873,"2019Adam Boqvist",2019,"Adam Boqvist","CHI","D",41,4,13,6,33,10,26,0.53,0.51,1
6882,"2019Kris Russell",2019,"Kris Russell","EDM","D",55,0,9,14,71,31,37,0.38,0.4,14
6946,"2019Jesperi Kotkaniemi",2019,"Jesperi Kotkaniemi","MTL","C",36,6,8,13,51,14,21,0.56,0.54,8
6948,"2019Matt Benning",2019,"Matt Benning","EDM","D",43,1,8,15,78,12,19,0.46,0.47,4
7044,"2019Andrew Shaw",2019,"Andrew Shaw","CHI","C",26,3,10,33,74,12,15,0.56,0.54,9
7044,"2019Andrew Shaw",2019,"Andrew Shaw","CHI","C",26,3,10,33,74,12,15,0.56,0.54,44
7049,"2019Joonas Donskoi",2019,"Joonas Donskoi","COL","R",65,16,33,26,25,28,20,0.51,0.51,5
7082,"2020John Tavares",2020,"John Tavares","TOR","C",56,19,50,14,51,32,55,0.58,0.58,6
7117,"2020Phillip Danault",2020,"Phillip Danault","MTL","C",53,5,24,24,76,14,31,0.52,0.51,3
7145,"2020John Leonard",2020,"John Leonard","S.J","L",44,3,13,2,25,13,11,0.5,0.51,2
7166,"2020Joel Armia",2020,"Joel Armia","MTL","R",41,7,14,10,86,18,18,0.51,0.49,7
7269,"2020Blake Wheeler",2020,"Blake Wheeler","WPG","R",50,15,46,40,63,25,16,0.54,0.54,6
7292,"2020Dylan Gambrell",2020,"Dylan Gambrell","S.J","C",49,5,12,13,77,9,13,0.4,0.41,1
7295,"2020Tyler Bozak",2020,"Tyler Bozak","STL","C",31,5,17,10,17,12,10,0.4,0.4,21
7340,"2020Sonny Milano",2020,"Sonny Milano","ANA","L",6,0,0,0,4,0,3,0.63,0.66,34
7392,"2020Duncan Keith",2020,"Duncan Keith","CHI","D",54,4,15,30,32,27,63,0.45,0.44,2
7393,"2020Jake Evans",2020,"Jake Evans","MTL","C",47,3,13,19,79,12,16,0.46,0.46,9
7524,"2020Ryan Carpenter",2020,"Ryan Carpenter","CHI","C",40,4,5,19,77,4,5,0.46,0.46,8
7594,"2020Tyler Motte",2020,"Tyler Motte","VAN","C",24,6,9,14,100,13,5,0.41,0.42,3
7810,"2020Teuvo Teravainen",2020,"Teuvo Teravainen","CAR","L",21,5,14,4,8,10,12,0.58,0.57,25
7810,"2020Teuvo Teravainen",2020,"Teuvo Teravainen","CAR","L",21,5,14,4,8,10,12,0.58,0.57,7
7830,"2020Andrew Shaw",2020,"Andrew Shaw","CHI","R",14,2,4,6,20,3,3,0.57,0.54,42
7847,"2020Brady Skjei",2020,"Brady Skjei","CAR","D",52,3,10,30,66,21,42,0.48,0.49,4
7852,"2020Dylan Strome",2020,"Dylan Strome","CHI","C",40,9,17,14,8,17,16,0.53,0.53,11
7880,"2020Adam Boqvist",2020,"Adam Boqvist","CHI","D",35,2,15,14,29,7,20,0.55,0.54,3
7969,"2020Brett Connolly",2020,"Brett Connolly","CHI","R",31,3,6,4,43,7,4,0.54,0.53,2
8035,"2021Zack Kassian",2021,"Zack Kassian","EDM","R",58,6,19,53,154,13,22,0.52,0.51,1
8147,"2021Jansen Harkins",2021,"Jansen Harkins","WPG","C",77,7,13,15,51,26,24,0.45,0.44,4
8165,"2021Derek Ryan",2021,"Derek Ryan","EDM","C",75,10,22,8,38,26,15,0.46,0.46,2
8188,"2021Jujhar Khaira",2021,"Jujhar Khaira","CHI","L",27,3,3,13,88,2,2,0.39,0.38,5
8277,"2021Connor Murphy",2021,"Connor Murphy","CHI","D",57,4,10,47,130,19,47,0.39,0.39,22
8277,"2021Connor Murphy",2021,"Connor Murphy","CHI","D",57,4,10,47,130,19,47,0.39,0.39,3
8289,"2021Tyler Johnson",2021,"Tyler Johnson","CHI","C",32,3,8,16,66,7,3,0.46,0.46,6
8327,"2021Pavel Buchnevich",2021,"Pavel Buchnevich","STL","L",73,30,76,34,57,46,41,0.53,0.53,3
8330,"2021Ondrej Kase",2021,"Ondrej Kase","TOR","R",50,14,27,14,29,28,16,0.51,0.5,20
8448,"2021William Carrier",2021,"William Carrier","VGK","L",63,9,20,24,159,24,12,0.56,0.57,2
8561,"2021Bowen Byram",2021,"Bowen Byram","COL","D",30,5,17,12,53,14,11,0.54,0.53,6
8615,"2021Trent Frederic",2021,"Trent Frederic","BOS","C",60,8,18,57,119,23,12,0.48,0.5,7
8617,"2021Christian Dvorak",2021,"Christian Dvorak","MTL","L",56,11,33,14,32,16,32,0.46,0.45,19
8664,"2021Jonathan Toews",2021,"Jonathan Toews","CHI","C",71,12,37,39,25,48,34,0.5,0.49,11
8675,"2021Sami Niku",2021,"Sami Niku","MTL","D",13,0,6,2,6,2,5,0.5,0.52,2
8730,"2021Nick Foligno",2021,"Nick Foligno","BOS","L",64,2,13,61,164,22,14,0.55,0.56,4
8732,"2021Duncan Keith",2021,"Duncan Keith","EDM","D",64,1,21,22,22,36,64,0.49,0.48,9
8776,"2021Andrew Copp",2021,"Andrew Copp","NYR","C",72,21,53,16,45,34,43,0.54,0.54,6
8834,"2021Nathan MacKinnon",2021,"Nathan MacKinnon","COL","C",65,32,88,42,68,37,56,0.61,0.6,4
8839,"2021Mike Hardman",2021,"Mike Hardman","CHI","L",21,0,2,11,60,5,5,0.4,0.38,2
8873,"2021Tanner Kero",2021,"Tanner Kero","DAL","C",23,0,3,0,12,6,7,0.43,0.45,4
8919,"2021Sidney Crosby",2021,"Sidney Crosby","PIT","C",69,31,84,32,50,34,54,0.6,0.59,1
8920,"2021Neal Pionk",2021,"Neal Pionk","WPG","D",77,3,34,46,185,27,68,0.49,0.49,3
8930,"2021Jake Muzzin",2021,"Jake Muzzin","TOR","D",47,3,14,16,105,12,44,0.48,0.48,20
8930,"2021Jake Muzzin",2021,"Jake Muzzin","TOR","D",47,3,14,16,105,12,44,0.48,0.48,7
8948,"2021Scott Laughton",2021,"Scott Laughton","PHI","C",67,11,30,35,151,31,40,0.45,0.45,12
9023,"2022Nate Schmidt",2022,"Nate Schmidt","WPG","D",71,7,19,8,45,21,50,0.53,0.52,9
9052,"2022Radko Gudas",2022,"Radko Gudas","FLA","D",72,2,17,79,312,20,36,0.49,0.49,10
9179,"2022Thomas Chabot",2022,"Thomas Chabot","OTT","D",68,11,41,52,79,19,65,0.57,0.57,5
9242,"2022Patric Hornqvist",2022,"Patric Hornqvist","FLA","R",22,1,3,13,18,5,0,0.63,0.62,40
9353,"2022Kurtis MacDermid",2022,"Kurtis MacDermid","COL","D",44,1,6,55,86,6,8,0.46,0.45,4
9371,"2022Travis Dermott",2022,"Travis Dermott","VAN","D",11,1,1,2,10,1,1,0.4,0.4,34
9429,"2022William Lockwood",2022,"William Lockwood","VAN","R",13,0,1,0,37,4,3,0.46,0.5,9
9515,"2022Ondrej Kase",2022,"Ondrej Kase","CAR","R",1,0,0,0,1,1,0,0.74,0.72,62
9558,"2022Chris Tierney",2022,"Chris Tierney","MTL","C",36,3,10,6,15,13,11,0.38,0.39,8
9577,"2022Reese Johnson",2022,"Reese Johnson","CHI","C",54,4,6,26,173,12,7,0.37,0.38,9
9768,"2022Cale Makar",2022,"Cale Makar","COL","D",60,17,66,30,65,50,48,0.57,0.56,5
9787,"2022Jakub Voracek",2022,"Jakub Voracek","CBJ","R",11,1,6,0,2,4,1,0.5,0.5,50
9787,"2022Jakub Voracek",2022,"Jakub Voracek","CBJ","R",11,1,6,0,2,4,1,0.5,0.5,4
